Date,Open,High,Low,Close,Adj Close,Volume,Lagged_Close,MA_5_Close,Returns
2020-04-09,9.9,16.190001,9.872,11.67,11.67,7732100,9.47,8.73,0.23231256599788797
2020-04-13,12.66,13.81,10.421,11.38,11.38,1660500,11.67,9.67,-0.024850042844901332
2020-04-14,12.36,12.64,10.83,11.18,11.18,1095900,11.38,10.384,-0.017574692442882345
2020-04-15,10.5,10.61,9.6,9.8,9.8,1854000,11.18,10.700000000000001,-0.12343470483005359
2020-04-16,9.7,9.833,8.1,8.73,8.73,1811200,9.8,10.552,-0.10918367346938773
2020-04-17,9.6,11.23,9.25,9.95,9.95,2003100,8.73,10.208000000000002,0.13974799541809846
2020-04-20,9.27,9.709,8.31,8.32,8.32,2537100,9.95,9.596,-0.16381909547738682
2020-04-21,8.01,9.16,7.765,9.08,9.08,2300500,8.32,9.176,0.09134615384615374
2020-04-22,9.32,9.49,8.27,8.28,8.28,1357800,9.08,8.872,-0.08810572687224683
2020-04-23,8.36,9.03,8.25,8.57,8.57,1118900,8.28,8.84,0.035024154589372136
2020-04-24,8.6,8.99,8.25,8.82,8.82,1188000,8.57,8.614,0.029171528588098017
2020-04-27,9.0,9.98,8.97,9.54,9.54,1414900,8.82,8.858,0.08163265306122436
2020-04-28,10.17,10.9,9.81,10.54,10.54,1343700,9.54,9.15,0.10482180293501053
2020-04-29,11.59,11.74,10.64,11.59,11.59,1626900,10.54,9.812,0.09962049335863377
2020-04-30,11.03,11.05,10.42,10.58,10.58,1056200,11.59,10.213999999999999,-0.08714408973252807
2020-05-01,10.08,10.29,9.0,9.01,9.01,1086500,10.58,10.251999999999999,-0.1483931947069943
2020-05-04,8.6,8.95,7.925,8.61,8.61,1821500,9.01,10.065999999999999,-0.04439511653718098
2020-05-05,8.97,9.49,8.26,8.34,8.34,1650700,8.61,9.626,-0.03135888501742157
2020-05-06,8.54,8.84,7.68,7.91,7.91,1866700,8.34,8.89,-0.05155875299760193
2020-05-07,8.0,8.49,7.83,8.09,8.09,991100,7.91,8.392,0.022756005056890016
2020-05-08,8.45,9.42,7.62,8.16,8.16,3150800,8.09,8.222,0.008652657601977864
2020-05-11,7.93,8.44,7.31,8.14,8.14,2058100,8.16,8.128,-0.002450980392156854
2020-05-12,8.41,8.59,7.66,7.67,7.67,1159900,8.14,7.994,-0.057739557739557856
2020-05-13,7.56,7.7,6.61,6.67,6.67,2080900,7.67,7.7459999999999996,-0.13037809647979137
2020-05-14,6.5,6.94,6.03,6.79,6.79,1541800,6.67,7.486,0.01799100449775115
2020-05-15,6.67,7.08,6.3,6.92,6.92,1724500,6.79,7.2379999999999995,0.019145802650957222
2020-05-18,7.36,7.69,7.05,7.51,7.51,1450100,6.92,7.111999999999999,0.08526011560693636
2020-05-19,7.46,7.55,6.96,7.14,7.14,1065400,7.51,7.006,-0.04926764314247667
2020-05-20,7.29,7.95,7.21,7.63,7.63,1649600,7.14,7.197999999999999,0.06862745098039214
2020-05-21,7.8,8.38,7.72,7.84,7.84,1018100,7.63,7.4079999999999995,0.02752293577981657
2020-05-22,7.99,7.99,7.53,7.81,7.81,709700,7.84,7.586,-0.003826530612244916
2020-05-26,8.17,8.49,7.88,8.08,8.08,1300700,7.81,7.7,0.03457106274007682
2020-05-27,8.5,9.33,8.22,9.29,9.29,1428200,8.08,8.129999999999999,0.14975247524752455
2020-05-28,9.9,9.93,8.555,8.61,8.61,1431700,9.29,8.326,-0.07319698600645852
2020-05-29,8.25,8.36,7.67,7.87,7.87,1044200,8.61,8.331999999999999,-0.08594657375145176
2020-06-01,7.9,8.665,7.79,8.29,8.29,1315900,7.87,8.427999999999999,0.05336721728081306
2020-06-02,8.45,8.905,8.31,8.56,8.56,663000,8.29,8.524,0.03256936067551286
2020-06-03,8.83,10.17,8.83,10.04,10.04,1839500,8.56,8.674,0.1728971962616821
2020-06-04,10.57,12.86,9.96,12.29,12.29,3891200,10.04,9.41,0.22410358565737054
2020-06-05,13.52,16.200001,13.52,15.52,15.52,5074100,12.29,10.94,0.2628152969894224
2020-06-08,18.26,24.059999,17.27,21.24,21.24,8942000,15.52,13.530000000000001,0.36855670103092786
2020-06-09,19.280001,20.82,16.1,16.379999,16.379999,3503000,21.24,15.0939998,-0.22881360640301307
2020-06-10,16.65,16.75,13.9,15.36,15.36,2572800,16.379999,16.157999800000002,-0.06227100502265004
2020-06-11,12.82,14.338,12.45,12.5,12.5,1975600,15.36,16.1999998,-0.18619791666666663
2020-06-12,15.05,15.35,12.98,13.91,13.91,2257400,12.5,15.877999800000001,0.11280000000000001
2020-06-15,12.68,14.21,12.44,13.84,13.84,1811400,13.91,14.3979998,-0.005032350826743359
2020-06-16,15.22,16.18,14.46,14.57,14.57,1825800,13.84,14.036000000000001,0.05274566473988451
2020-06-17,14.5,14.58,13.34,13.34,13.34,1386600,14.57,13.632,-0.08442004118050794
2020-06-18,12.91,13.529,12.41,13.19,13.19,1421000,13.34,13.770000000000001,-0.011244377811094441
2020-06-19,13.41,13.51,11.87,11.94,11.94,3693400,13.19,13.376,-0.09476876421531466
2020-06-22,11.91,11.92,11.06,11.66,11.66,1119300,11.94,12.939999999999998,-0.02345058626465657
2020-06-23,11.94,12.27,11.663,12.23,12.23,886000,11.66,12.472,0.048885077186964
2020-06-24,11.68,11.94,10.35,10.79,10.79,1859600,12.23,11.962,-0.11774325429272292
2020-06-25,10.32,11.94,10.12,11.09,11.09,1297200,10.79,11.542,0.027803521779425466
2020-06-26,10.81,10.99,10.43,10.9,10.9,1094900,11.09,11.334,-0.017132551848512145
2020-06-29,11.16,12.01,10.5,11.68,11.68,1049600,10.9,11.338,0.07155963302752277
2020-06-30,11.56,11.98,11.18,11.4,11.4,698700,11.68,11.172,-0.023972602739726012
2020-07-01,11.26,12.4,11.26,11.55,11.55,838400,11.4,11.324000000000002,0.013157894736842035
2020-07-02,12.04,12.44,11.13,11.36,11.36,966200,11.55,11.378,-0.016450216450216604
2020-07-06,11.7,11.7,10.8,11.04,11.04,1192000,11.36,11.406,-0.028169014084507116
2020-07-07,10.8,10.91,10.43,10.44,10.44,651100,11.04,11.158,-0.05434782608695654
2020-07-08,10.44,10.76,10.05,10.62,10.62,992500,10.44,11.002,0.01724137931034475
2020-07-09,10.6,10.65,9.55,9.85,9.85,1373400,10.62,10.661999999999999,-0.07250470809792842
2020-07-10,9.75,10.29,9.51,10.19,10.19,730800,9.85,10.428,0.034517766497461855
2020-07-13,10.36,10.72,9.82,10.08,10.08,790600,10.19,10.236,-0.01079489695780167
2020-07-14,10.05,10.17,9.67,9.85,9.85,778300,10.08,10.118,-0.022817460317460347
2020-07-15,10.54,11.15,10.16,10.76,10.76,1469600,9.85,10.145999999999999,0.09238578680203058
2020-07-16,10.33,10.62,9.91,10.19,10.19,753700,10.76,10.214,-0.05297397769516732
2020-07-17,10.24,10.37,9.98,10.15,10.15,898000,10.19,10.206,-0.003925417075564153
2020-07-20,10.18,10.37,9.55,9.66,9.66,750200,10.15,10.122,-0.0482758620689655
2020-07-21,9.88,10.26,9.8,9.97,9.97,641800,9.66,10.146,0.03209109730848869
2020-07-22,9.85,10.03,9.66,9.9,9.9,558400,9.97,9.974,-0.007021063189568744
2020-07-23,9.8,10.085,9.73,9.86,9.86,497500,9.9,9.908,-0.0040404040404041774
2020-07-24,9.8,9.926,9.56,9.63,9.63,541300,9.86,9.804,-0.0233265720081135
2020-07-27,9.6,9.61,8.69,9.45,9.45,1069100,9.63,9.762,-0.018691588785046842
2020-07-28,9.39,9.98,9.24,9.8,9.8,986700,9.45,9.728,0.0370370370370372
2020-07-29,9.85,10.12,9.46,10.1,10.1,604200,9.8,9.768,0.030612244897959107
2020-07-30,9.8,10.07,9.67,9.82,9.82,493500,10.1,9.760000000000002,-0.027722772277227636
2020-07-31,9.79,9.83,9.18,9.31,9.31,849500,9.82,9.696000000000002,-0.05193482688391038
2020-08-03,9.31,9.35,8.76,9.24,9.24,833300,9.31,9.654,-0.007518796992481258
2020-08-04,9.23,9.69,9.23,9.53,9.53,642100,9.24,9.6,0.031385281385281294
2020-08-05,9.91,9.96,9.39,9.7,9.7,722700,9.53,9.52,0.01783840503672618
2020-08-06,9.68,10.99,9.68,10.28,10.28,1445800,9.7,9.611999999999998,0.0597938144329897
2020-08-07,12.11,12.22,11.04,11.18,11.18,2407900,10.28,9.986,0.08754863813229585
2020-08-10,11.6,14.474,11.6,13.7,13.7,3868800,11.18,10.878,0.22540250447227184
2020-08-11,14.4,14.87,12.47,12.68,12.68,1875400,13.7,11.508,-0.0744525547445255
2020-08-12,13.01,13.07,12.045,12.5,12.5,799900,12.68,12.068000000000001,-0.014195583596214534
2020-08-13,12.39,13.29,12.16,12.23,12.23,1021300,12.5,12.458,-0.021599999999999953
2020-08-14,12.04,13.17,11.93,12.72,12.72,787200,12.23,12.766,0.040065412919051635
2020-08-17,12.72,12.86,12.265,12.58,12.58,566100,12.72,12.542,-0.011006289308176154
2020-08-18,12.46,12.65,12.23,12.4,12.4,658800,12.58,12.486,-0.014308426073131986
2020-08-19,12.4,13.42,12.22,12.76,12.76,878500,12.4,12.538,0.029032258064516148
2020-08-20,12.38,13.2,12.38,12.51,12.51,951800,12.76,12.594,-0.019592476489028177
2020-08-21,12.34,12.57,12.08,12.21,12.21,660000,12.51,12.492,-0.023980815347721784
2020-08-24,12.28,13.3,12.11,13.28,13.28,1042200,12.21,12.632,0.08763308763308753
2020-08-25,13.35,13.85,12.96,13.34,13.34,556900,13.28,12.819999999999999,0.004518072289156683
2020-08-26,13.1,13.71,12.695,12.88,12.88,730700,13.34,12.844,-0.03448275862068961
2020-08-27,12.86,13.902,12.86,13.43,13.43,913700,12.88,13.028,0.04270186335403725
2020-08-28,13.28,13.879,13.28,13.83,13.83,600400,13.43,13.352,0.02978406552494417
2020-08-31,14.0,14.27,13.43,14.03,14.03,1119500,13.83,13.502,0.014461315979754197
2020-09-01,13.91,15.22,13.51,14.86,14.86,1476000,14.03,13.806000000000001,0.05915894511760511
2020-09-02,15.08,15.18,14.6,15.14,15.14,1044300,14.86,14.258000000000001,0.018842530282638048
2020-09-03,15.26,15.97,14.51,14.98,14.98,1040100,15.14,14.568000000000001,-0.010568031704095149
2020-09-04,15.19,15.7,14.83,15.62,15.62,864600,14.98,14.925999999999998,0.042723631508678084
2020-09-08,15.41,15.84,15.03,15.67,15.67,753800,15.62,15.254,0.003201024327784907
2020-09-09,15.49,15.82,15.2,15.38,15.38,376300,15.67,15.357999999999999,-0.01850670070197824
2020-09-10,15.39,15.73,15.05,15.12,15.12,456900,15.38,15.354,-0.016905071521456483
2020-09-11,15.12,15.12,14.56,14.6,14.6,442500,15.12,15.278,-0.03439153439153442
2020-09-14,14.78,15.18,14.33,14.94,14.94,401700,14.6,15.142000000000001,0.023287671232876672
2020-09-15,14.97,15.625,14.86,15.24,15.24,385300,14.94,15.056000000000001,0.02008032128514059
2020-09-16,15.43,16.23,15.03,15.97,15.97,693500,15.24,15.174000000000001,0.04790026246719159
2020-09-17,15.68,15.95,15.005,15.05,15.05,599700,15.97,15.16,-0.057608015028177806
2020-09-18,15.08,15.08,14.42,14.59,14.59,646600,15.05,15.157999999999998,-0.030564784053156213
2020-09-21,14.0,14.29,13.1,13.59,13.59,834800,14.59,14.888,-0.0685400959561343
2020-09-22,13.76,14.34,13.59,13.63,13.63,352800,13.59,14.565999999999999,0.0029433406916852256
2020-09-23,13.57,13.829,12.97,12.99,12.99,780500,13.63,13.969999999999999,-0.046955245781364674
2020-09-24,12.99,13.09,12.31,12.36,12.36,1241300,12.99,13.431999999999999,-0.04849884526558901
2020-09-25,12.3,12.695,12.22,12.63,12.63,696000,12.36,13.040000000000001,0.02184466019417486
2020-09-28,12.95,14.05,12.94,13.66,13.66,659200,12.63,13.053999999999998,0.0815518606492478
2020-09-29,13.65,13.65,12.784,13.1,13.1,391500,13.66,12.948000000000002,-0.040995607613469986
2020-09-30,13.13,14.21,13.13,13.45,13.45,527100,13.1,13.040000000000001,0.026717557251908275
2020-10-01,13.51,13.98,13.41,13.86,13.86,649800,13.45,13.34,0.030483271375464804
2020-10-02,13.25,14.18,13.11,14.07,14.07,325400,13.86,13.628,0.015151515151515138
2020-10-05,14.2,14.389,13.48,13.79,13.79,346700,14.07,13.654,-0.019900497512437942
2020-10-06,14.08,14.49,13.71,13.81,13.81,392800,13.79,13.796000000000001,0.0014503263234229014
2020-10-07,14.0,14.09,13.77,13.79,13.79,262400,13.81,13.863999999999999,-0.0014482259232441175
2020-10-08,13.87,14.45,13.83,14.4,14.4,283500,13.79,13.972,0.044234952864394605
2020-10-09,14.5,14.58,14.04,14.1,14.1,283700,14.4,13.978,-0.02083333333333337
2020-10-12,14.0,14.229,13.67,14.03,14.03,316600,14.1,14.026,-0.004964539007092261
2020-10-13,13.82,13.88,13.37,13.7,13.7,268600,14.03,14.004,-0.023521026372059883
2020-10-14,13.65,13.71,13.21,13.35,13.35,269400,13.7,13.916,-0.025547445255474477
2020-10-15,13.16,13.58,13.01,13.53,13.53,271900,13.35,13.741999999999999,0.01348314606741563
2020-10-16,13.54,13.66,13.2,13.47,13.47,371200,13.53,13.616,-0.0044345898004433115
2020-10-19,13.51,13.8,13.14,13.22,13.22,495100,13.47,13.453999999999999,-0.018559762435040872
2020-10-20,13.26,13.6,12.9,12.93,12.93,561900,13.22,13.3,-0.021936459909228545
2020-10-21,12.89,12.97,12.53,12.82,12.82,336400,12.93,13.193999999999999,-0.008507347254447017
2020-10-22,12.92,13.83,12.89,13.75,13.75,423000,12.82,13.238,0.07254290171606859
2020-10-23,13.8,14.25,13.42,14.15,14.15,313400,13.75,13.374,0.029090909090909056
2020-10-26,13.92,13.94,13.25,13.62,13.62,425500,14.15,13.454000000000002,-0.03745583038869271
2020-10-27,13.61,13.68,13.05,13.12,13.12,279700,13.62,13.491999999999999,-0.03671071953010274
2020-10-28,12.62,12.97,12.5,12.57,12.57,375600,13.12,13.442000000000002,-0.04192073170731703
2020-10-29,12.5,13.19,12.25,13.02,13.02,506800,12.57,13.296000000000001,0.03579952267303099
2020-10-30,12.91,13.19,12.38,12.73,12.73,284100,13.02,13.012,-0.022273425499231836
2020-11-02,12.85,13.05,12.47,12.8,12.8,234000,12.73,12.847999999999999,0.0054988216810683
2020-11-03,13.14,13.764,12.88,13.57,13.57,312800,12.8,12.937999999999999,0.06015624999999991
2020-11-04,13.35,13.35,12.53,12.68,12.68,695800,13.57,12.959999999999999,-0.06558585114222559
2020-11-05,12.7,13.18,12.62,12.89,12.89,550800,12.68,12.934000000000001,0.016561514195583715
2020-11-06,12.69,13.35,11.08,11.2,11.2,1622200,12.89,12.628,-0.13110938712179998
2020-11-09,14.32,14.87,13.7,14.17,14.17,2394800,11.2,12.901999999999997,0.2651785714285715
2020-11-10,14.34,14.46,13.34,14.07,14.07,959600,14.17,13.001999999999999,-0.007057163020465773
2020-11-11,14.08,14.08,13.432,13.72,13.72,388400,14.07,13.209999999999999,-0.02487562189054726
2020-11-12,13.44,13.63,12.91,13.19,13.19,373100,13.72,13.27,-0.03862973760932953
2020-11-13,13.32,14.6,13.32,14.49,14.49,840500,13.19,13.928,0.09855951478392733
2020-11-16,15.58,16.030001,15.22,15.96,15.96,991500,14.49,14.286000000000001,0.10144927536231885
2020-11-17,15.6,16.23,15.16,16.059999,16.059999,760600,15.96,14.6839998,0.006265601503759433
2020-11-18,16.1,16.5,15.38,15.4,15.4,574700,16.059999,15.019999800000003,-0.04109583070335188
2020-11-19,15.45,15.75,15.111,15.72,15.72,239600,15.4,15.525999800000003,0.020779220779220786
2020-11-20,15.55,15.76,15.31,15.6,15.6,213200,15.72,15.747999800000002,-0.007633587786259555
2020-11-23,16.49,17.790001,16.190001,16.67,16.67,1616800,15.6,15.889999800000002,0.06858974358974379
2020-11-24,17.5,19.190001,17.120001,19.120001,19.120001,1953500,16.67,16.5020002,0.1469706658668264
2020-11-25,18.67,18.68,17.65,18.219999,18.219999,808200,19.120001,17.066,-0.04707123184773876
2020-11-27,18.4,18.469,17.780001,18.030001,18.030001,208300,18.219999,17.5280002,-0.010427991790779023
2020-11-30,18.030001,18.190001,16.459999,16.459999,16.459999,619900,18.030001,17.7,-0.08707719982932882
2020-12-01,16.98,17.549999,16.690001,16.879999,16.879999,475700,16.459999,17.7419998,0.025516404952394156
2020-12-02,16.73,17.99,16.51,17.870001,17.870001,563800,16.879999,17.4919998,0.05864941105742938
2020-12-03,18.040001,18.84,17.57,18.24,18.24,520400,17.870001,17.496,0.020705035215163203
2020-12-04,18.780001,19.49,18.5,19.450001,19.450001,624400,18.24,17.779999999999998,0.06633777412280706
2020-12-07,19.309999,19.309999,18.190001,18.219999,18.219999,539100,19.450001,18.131999999999998,-0.06323917412652058
2020-12-08,18.0,18.67,17.4,17.41,17.41,626600,18.219999,18.2380002,-0.044456588609033454
2020-12-09,17.73,18.044001,16.690001,17.040001,17.040001,782500,17.41,18.072000199999998,-0.02125209649626647
2020-12-10,16.799999,17.5,16.799999,17.139999,17.139999,461400,17.040001,17.852,0.005868426885655698
2020-12-11,15.85,16.18,14.27,14.51,14.51,3085500,17.139999,16.863999800000002,-0.1534421909826249
2020-12-14,15.01,15.77,14.495,14.5,14.5,1413900,14.51,16.12,-0.000689179875947632
2020-12-15,14.7,15.57,14.32,15.38,15.38,894200,14.5,15.713999999999999,0.06068965517241387
2020-12-16,15.56,16.08,14.92,15.02,15.02,606500,15.38,15.3099998,-0.023407022106632036
2020-12-17,15.02,15.59,14.65,15.56,15.56,536700,15.02,14.994,0.03595206391478034
2020-12-18,15.42,16.0,14.74,14.94,14.94,972000,15.56,15.080000000000002,-0.0398457583547559
2020-12-21,14.4,14.74,14.04,14.57,14.57,689400,14.94,15.094,-0.02476572958500667
2020-12-22,14.74,14.75,14.13,14.35,14.35,661300,14.57,14.888,-0.015099519560741292
2020-12-23,14.56,15.25,14.54,14.75,14.75,592100,14.35,14.834,0.027874564459930307
2020-12-24,14.6,14.97,14.43,14.61,14.61,298600,14.75,14.644,-0.009491525423728886
2020-12-28,14.79,15.15,14.55,14.72,14.72,421900,14.61,14.6,0.007529089664613409
2020-12-29,14.79,15.07,14.29,14.31,14.31,432400,14.72,14.547999999999998,-0.02785326086956519
2020-12-30,14.5,14.79,14.25,14.3,14.3,416100,14.31,14.538,-0.0006988120195666747
2020-12-31,14.15,14.75,13.772,14.68,14.68,544700,14.3,14.524000000000001,0.02657342657342654
2021-01-04,14.78,14.9,13.7,13.86,13.86,755000,14.68,14.374,-0.05585831062670299
2021-01-05,13.82,14.43,13.8,14.21,14.21,621200,13.86,14.272,0.025252525252525304
2021-01-06,14.49,15.73,14.355,15.17,15.17,959400,14.21,14.443999999999999,0.06755805770584078
2021-01-07,15.26,15.32,14.04,14.35,14.35,907800,15.17,14.453999999999999,-0.05405405405405406
2021-01-08,14.38,14.6,13.83,14.57,14.57,581000,14.35,14.431999999999999,0.015331010452961813
2021-01-11,14.27,14.425,13.86,14.12,14.12,476400,14.57,14.484,-0.030885380919698058
2021-01-12,14.27,14.46,14.01,14.24,14.24,319200,14.12,14.49,0.008498583569405138
2021-01-13,14.24,14.43,13.9,14.39,14.39,465000,14.24,14.334,0.010533707865168607
2021-01-14,14.8,16.33,14.665,15.71,15.71,1176500,14.39,14.606,0.0917303683113273
2021-01-15,15.54,15.55,14.673,14.93,14.93,637700,15.71,14.678,-0.04964990451941442
2021-01-19,15.16,15.68,14.7,15.43,15.43,642500,14.93,14.940000000000001,0.03348961821835239
2021-01-20,15.8,15.81,14.93,15.29,15.29,603500,15.43,15.15,-0.009073233959818627
2021-01-21,15.17,15.219,14.56,15.11,15.11,463700,15.29,15.294,-0.011772400261608862
2021-01-22,14.79,15.44,14.59,15.41,15.41,444400,15.11,15.234,0.01985440105890146
2021-01-25,15.75,18.139999,15.05,16.209999,16.209999,2084300,15.41,15.489999799999998,0.05191427644386759
2021-01-26,17.58,18.5,16.5,18.0,18.0,2436400,16.209999,16.0039998,0.11042573167339498
2021-01-27,18.639999,22.969999,18.34,20.120001,20.120001,6092200,18.0,16.97,0.11777783333333325
2021-01-28,20.469999,22.65,20.209999,22.370001,22.370001,4639700,20.120001,18.422000199999996,0.11182902028682795
2021-01-29,21.959999,22.780001,17.725,17.809999,17.809999,3071800,22.370001,18.901999999999997,-0.20384451480355315
2021-02-01,18.65,18.84,16.860001,17.59,17.59,1380700,17.809999,19.1780002,-0.012352555438099766
2021-02-02,17.59,17.68,15.98,16.02,16.02,1410700,17.59,18.7820002,-0.08925525866969874
2021-02-03,16.049999,16.73,15.83,16.690001,16.690001,919800,16.02,18.0960002,0.04182278401997497
2021-02-04,16.870001,17.34,16.610001,17.059999,17.059999,1107800,16.690001,17.033999799999997,0.022168842290662738
2021-02-05,17.32,17.540001,16.690001,16.959999,16.959999,593900,17.059999,16.8639998,-0.005861665056369647
2021-02-08,17.129999,17.85,16.971001,17.58,17.58,478500,16.959999,16.8619998,0.03655666489131271
2021-02-09,17.549999,17.99,17.120001,17.950001,17.950001,516000,17.58,17.248,0.021046700796359508
2021-02-10,18.469999,19.799999,18.110001,19.66,19.66,1036800,17.950001,17.841999800000004,0.09526456293790742
2021-02-11,19.469999,20.040001,18.27,18.389999,18.389999,560300,19.66,18.107999799999998,-0.06459821973550361
2021-02-12,18.41,18.540001,18.094999,18.25,18.25,533400,18.389999,18.365999999999996,-0.0076127790980303756
2021-02-16,18.35,19.209999,18.190001,18.530001,18.530001,584400,18.25,18.5560002,0.01534252054794516
2021-02-17,18.43,18.5,17.76,18.15,18.15,519600,18.530001,18.595999999999997,-0.02050733834283114
2021-02-18,17.68,18.49,17.556,18.200001,18.200001,423900,18.15,18.304000199999997,0.002754876033058018
2021-02-19,18.24,18.440001,17.799999,17.940001,17.940001,434500,18.200001,18.2140006,-0.014285713500785113
2021-02-22,17.84,19.309999,17.799999,19.059999,19.059999,572200,17.940001,18.3760004,0.06243020833722368
2021-02-23,19.02,19.32,17.959999,19.049999,19.049999,731900,19.059999,18.479999999999997,-0.0005246589991951822
2021-02-24,19.200001,20.959999,19.129999,20.889999,20.889999,542100,19.049999,19.0279998,0.09658793157941892
2021-02-25,21.25,22.120001,20.77,21.309999,21.309999,995000,20.889999,19.649999400000002,0.02010531450958908
2021-02-26,20.309999,21.870001,19.556999,20.190001,20.190001,726400,21.309999,20.0999994,-0.05255739336261833
2021-03-01,21.299999,22.41,20.92,21.450001,21.450001,796100,20.190001,20.5779998,0.062407129152693086
2021-03-02,21.280001,21.360001,20.615,20.73,20.73,339000,21.450001,20.913999999999998,-0.03356647862160933
2021-03-03,21.0,21.879999,20.9,20.99,20.99,489600,20.73,20.9340002,0.012542209358417766
2021-03-04,21.120001,21.23,19.370001,20.459999,20.459999,772100,20.99,20.7640002,-0.025250166746069502
2021-03-05,20.709999,21.5,19.802,21.469999,21.469999,675600,20.459999,21.0199998,0.04936461629348088
2021-03-08,22.15,23.26,21.120001,23.16,23.16,550000,21.469999,21.361999599999997,0.07871453557124064
2021-03-09,23.280001,23.280001,22.011,22.68,22.68,368000,23.16,21.751999599999998,-0.020725388601036343
2021-03-10,22.959999,23.440001,22.43,23.219999,23.219999,373900,22.68,22.1979994,0.02380947971781322
2021-03-11,23.129999,24.040001,22.65,22.950001,22.950001,423700,23.219999,22.695999800000003,-0.011627821344867506
2021-03-12,23.09,23.700001,22.870001,23.209999,23.209999,866600,22.950001,23.0439998,0.011328888395255365
2021-03-15,23.209999,23.450001,22.34,22.440001,22.440001,452600,23.209999,22.9,-0.03317527070983506
2021-03-16,22.33,22.690001,21.35,21.700001,21.700001,390300,22.440001,22.7040002,-0.03297682562491855
2021-03-17,21.59,22.530001,21.59,22.290001,22.290001,291200,21.700001,22.5180006,0.027188938839219468
2021-03-18,22.17,22.309999,21.132999,21.360001,21.360001,414300,22.290001,22.2000006,-0.041722743754026737
2021-03-19,21.42,21.695,20.879999,21.1,21.1,610800,21.360001,21.7780008,-0.01217233089080838
2021-03-22,20.84,21.107,20.32,20.469999,20.469999,358600,21.1,21.3840004,-0.0298578672985782
2021-03-23,20.190001,20.540001,18.860001,18.959999,18.959999,534800,20.469999,20.836000000000002,-0.07376649114638456
2021-03-24,19.209999,20.097,18.24,18.27,18.27,392200,18.959999,20.0319998,-0.03639235424010312
2021-03-25,18.02,19.450001,17.75,19.290001,19.290001,314600,18.27,19.6179998,0.05582928297755885
2021-03-26,19.629999,19.629999,18.59,19.139999,19.139999,255300,19.290001,19.2259996,-0.007776153044263712
2021-03-29,18.98,19.139999,17.73,17.75,17.75,435500,19.139999,18.6819998,-0.07262273106701833
2021-03-30,17.889999,18.41,17.629999,18.290001,18.290001,388900,17.75,18.5480002,0.03042259154929572
2021-03-31,18.309999,18.73,18.0,18.35,18.35,320400,18.290001,18.564000200000002,0.0032804262831915842
2021-04-01,18.59,19.0,18.450001,18.93,18.93,198000,18.35,18.492,0.031607629427792716
2021-04-05,19.459999,19.705,19.16,19.379999,19.379999,302100,18.93,18.54,0.023771737982039243
2021-04-06,19.27,19.5,18.82,19.1,19.1,263000,19.379999,18.81,-0.01444783356283974
2021-04-07,19.17,19.396999,18.799999,19.01,19.01,195300,19.1,18.9539998,-0.0047120418848167755
2021-04-08,18.84,19.120001,18.68,18.73,18.73,266700,19.01,19.029999800000002,-0.014729089952656538
2021-04-09,18.91,18.91,18.07,18.27,18.27,282300,18.73,18.8979998,-0.024559530165509935
2021-04-12,18.290001,18.42,17.719999,17.85,17.85,345400,18.27,18.592000000000002,-0.022988505747126298
2021-04-13,17.700001,17.860001,17.15,17.75,17.75,466000,17.85,18.322000000000003,-0.0056022408963586345
2021-04-14,17.75,18.32,17.610001,17.65,17.65,440300,17.75,18.05,-0.005633802816901512
2021-04-15,17.98,18.129999,17.495001,18.120001,18.120001,413700,17.65,17.9280002,0.026628951841359827
2021-04-16,18.23,18.370001,17.85,18.07,18.07,204800,18.120001,17.8880002,-0.002759436933805759
2021-04-19,17.950001,18.18,17.65,17.969999,17.969999,172200,18.07,17.912,-0.005534089651355822
2021-04-20,17.799999,17.799999,17.0,17.379999,17.379999,306700,17.969999,17.8379998,-0.032832500435865386
2021-04-21,17.24,17.950001,16.74,17.91,17.91,203500,17.379999,17.889999800000002,0.030494880926057455
2021-04-22,17.98,18.370001,17.76,17.85,17.85,229900,17.91,17.8359996,-0.00335008375209378
2021-04-23,17.85,18.41,17.737,18.26,18.26,161200,17.85,17.8739996,0.022969187675069946
2021-04-26,18.43,19.0,18.43,18.59,18.59,223300,18.26,17.997999800000002,0.01807228915662651
2021-04-27,18.559999,18.92,18.299999,18.48,18.48,228200,18.59,18.218,-0.005917159763313529
2021-04-28,18.459999,18.74,18.290001,18.360001,18.360001,154800,18.48,18.308000200000002,-0.006493452380952336
2021-04-29,18.549999,18.82,17.99,18.299999,18.299999,201100,18.360001,18.398000000000003,-0.003268082610670908
2021-04-30,17.950001,18.27,17.129999,17.200001,17.200001,467500,18.299999,18.186000200000002,-0.06010918361252371
2021-05-03,17.290001,17.799,17.18,17.57,17.57,296900,17.200001,17.982000199999998,0.021511568516769275
2021-05-04,17.75,17.75,16.785,16.969999,16.969999,305900,17.57,17.68,-0.03414917472965273
2021-05-05,17.0,17.0,16.540001,16.66,16.66,383500,16.969999,17.339999799999998,-0.01826747308588539
2021-05-06,16.620001,16.759001,15.75,16.120001,16.120001,435500,16.66,16.9040002,-0.032412905162064964
2021-05-07,16.16,17.1,16.040001,16.690001,16.690001,305700,16.120001,16.8020002,0.03535979929529787
2021-05-10,16.629999,16.700001,15.92,15.96,15.96,335300,16.690001,16.4800002,-0.04373882302343768
2021-05-11,15.34,15.51,14.82,15.35,15.35,614900,15.96,16.1560004,-0.038220551378446155
2021-05-12,15.35,15.46,14.54,14.64,14.64,420000,15.35,15.7520004,-0.04625407166123774
2021-05-13,14.73,15.55,14.68,15.36,15.36,537100,14.64,15.6000002,0.04918032786885229
2021-05-14,15.48,16.040001,15.41,15.98,15.98,344500,15.36,15.458000000000002,0.04036458333333348
2021-05-17,15.95,16.09,15.5,16.030001,16.030001,297800,15.98,15.4720002,0.003128973717146266
2021-05-18,16.07,16.440001,15.75,16.0,16.0,235700,16.030001,15.602000199999997,-0.001871553220738953
2021-05-19,15.65,15.79,15.205,15.78,15.78,255500,16.0,15.830000199999997,-0.01375000000000004
2021-05-20,15.71,15.83,15.32,15.75,15.75,241100,15.78,15.908000199999998,-0.0019011406844106071
2021-05-21,15.86,16.040001,15.48,15.49,15.49,208700,15.75,15.8100002,-0.01650793650793647
2021-05-24,15.59,16.16,15.44,16.059999,16.059999,275000,15.49,15.8159998,0.036797869593286014
2021-05-25,16.139999,16.530001,15.69,15.73,15.73,331700,16.059999,15.761999800000002,-0.020547884218423684
2021-05-26,15.8,16.74,15.75,16.68,16.68,314200,15.73,15.9419998,0.060394151303242216
2021-05-27,16.959999,17.280001,16.700001,16.969999,16.969999,596000,16.68,16.1859996,0.01738603117505999
2021-05-28,17.280001,17.290001,16.700001,16.879999,16.879999,282000,16.969999,16.4639994,-0.005303477036150639
2021-06-01,16.99,18.5,16.950001,18.370001,18.370001,696200,16.879999,16.9259998,0.08827026589278808
2021-06-02,18.41,19.83,18.129999,19.43,19.43,871700,18.370001,17.6659998,0.05770271868793042
2021-06-03,19.370001,19.67,18.58,18.6,18.6,533100,19.43,18.049999800000002,-0.04271744724652593
2021-06-04,18.66,18.66,17.860001,18.4,18.4,311400,18.6,18.336000000000002,-0.010752688172043112
2021-06-07,18.52,19.379999,18.5,19.15,19.15,379900,18.4,18.7900002,0.040760869565217295
2021-06-08,19.25,19.77,19.0,19.33,19.33,293900,19.15,18.982,0.009399477806788514
2021-06-09,19.74,20.084999,19.08,19.129999,19.129999,387300,19.33,18.9219998,-0.010346663217795982
2021-06-10,19.059999,19.24,18.68,18.9,18.9,279500,19.129999,18.9819998,-0.01202294887731059
2021-06-11,19.120001,19.299999,18.75,18.889999,18.889999,139600,18.9,19.0799996,-0.0005291534391533848
2021-06-14,19.030001,19.290001,18.66,18.870001,18.870001,176300,18.889999,19.023999800000002,-0.0010586554292565387
2021-06-15,18.82,18.889999,18.219999,18.41,18.41,168400,18.870001,18.8399998,-0.024377370197277592
2021-06-16,18.370001,18.790001,18.219999,18.709999,18.709999,268900,18.41,18.755999799999998,0.016295437262357382
2021-06-17,18.76,19.16,18.58,18.98,18.98,423000,18.709999,18.7719998,0.014430839894753689
2021-06-18,18.65,18.940001,18.295,18.389999,18.389999,496500,18.98,18.6719998,-0.03108540569020024
2021-06-21,18.51,18.84,18.16,18.790001,18.790001,342000,18.389999,18.655999799999996,0.021751061541656513
2021-06-22,18.540001,18.83,17.950001,18.73,18.73,453600,18.790001,18.7199998,-0.0031932409157402475
2021-06-23,18.889999,19.200001,18.700001,18.76,18.76,262900,18.73,18.73,0.0016017084890549427
2021-06-24,18.870001,19.190001,18.51,19.01,19.01,214300,18.76,18.736,0.013326226012793096
2021-06-25,19.23,19.469999,18.73,18.74,18.74,521100,19.01,18.806000200000003,-0.014203051025776126
2021-06-28,18.76,18.940001,17.764999,18.110001,18.110001,287100,18.74,18.6700002,-0.03361787620064027
2021-06-29,18.110001,18.34,17.92,17.969999,17.969999,225400,18.110001,18.518,-0.007730645625033339
2021-06-30,17.950001,18.610001,17.700001,18.4,18.4,231200,17.969999,18.445999999999998,0.02392882715241096
2021-07-01,18.469999,18.6,17.969999,18.219999,18.219999,206300,18.4,18.2879998,-0.00978266304347808
2021-07-02,18.299999,18.299999,17.57,17.65,17.65,260000,18.219999,18.069999799999998,-0.03128424979606215
2021-07-06,17.75,17.75,16.75,17.32,17.32,266600,17.65,17.9119996,-0.018696883852691082
2021-07-07,17.1,17.4,16.57,16.67,16.67,249300,17.32,17.6519998,-0.03752886836027702
2021-07-08,16.309999,16.92,16.0,16.43,16.43,270300,16.67,17.2579998,-0.014397120575884936
2021-07-09,16.959999,17.4,16.799999,17.32,17.32,276900,16.43,17.077999999999996,0.05416920267802805
2021-07-12,17.15,17.299999,16.809999,17.209999,17.209999,208500,17.32,16.9899998,-0.006351096997690542
2021-07-13,17.01,17.190001,16.4,16.639999,16.639999,243200,17.209999,16.853999599999998,-0.03312028083209073
2021-07-14,16.700001,17.16,16.48,16.540001,16.540001,132300,16.639999,16.8279998,-0.006009495553455202
2021-07-15,16.379999,16.700001,16.01,16.379999,16.379999,196200,16.540001,16.8179996,-0.00967363907656349
2021-07-16,16.629999,16.629999,15.6,15.64,15.64,336900,16.379999,16.4819996,-0.045176986885042014
2021-07-19,15.5,15.54,14.685,15.07,15.07,458800,15.64,16.0539998,-0.03644501278772383
2021-07-20,15.22,16.66,15.07,16.469999,16.469999,333800,15.07,16.0199998,0.09289973457199752
2021-07-21,16.67,17.253,16.67,17.049999,17.049999,211100,16.469999,16.1219994,0.03521554555042772
2021-07-22,16.870001,16.870001,16.1,16.4,16.4,136400,17.049999,16.1259996,-0.03812311074035846
2021-07-23,16.700001,16.799999,16.02,16.18,16.18,235500,16.4,16.233999599999997,-0.013414634146341364
2021-07-26,16.139999,16.58,15.93,16.48,16.48,249400,16.18,16.5159996,0.018541409147095234
2021-07-27,16.290001,16.639999,15.8,16.18,16.18,177800,16.48,16.4579998,-0.01820388349514568
2021-07-28,16.34,16.459999,15.76,15.97,15.97,204800,16.18,16.242,-0.012978986402966575
2021-07-29,16.110001,16.5,15.94,15.95,15.95,165500,15.97,16.152,-0.00125234815278652
2021-07-30,15.92,16.25,15.7,15.87,15.87,163000,15.95,16.09,-0.005015673981191182
2021-08-02,15.9,16.511,15.33,15.42,15.42,262500,15.87,15.878,-0.028355387523629427
2021-08-03,15.53,15.85,15.1,15.71,15.71,239500,15.42,15.784,0.018806744487678495
2021-08-04,15.43,15.62,15.05,15.15,15.15,271600,15.71,15.62,-0.03564608529598989
2021-08-05,15.33,15.92,15.14,15.73,15.73,221200,15.15,15.575999999999999,0.03828382838283839
2021-08-06,16.1,16.24,15.78,16.16,16.16,206500,15.73,15.634,0.027336300063572683
2021-08-09,16.25,16.32,15.71,16.030001,16.030001,206900,16.16,15.756000199999999,-0.008044492574257545
2021-08-10,16.35,16.51,15.614,15.98,15.98,281200,16.030001,15.810000200000001,-0.0031192137792129815
2021-08-11,15.95,15.97,15.2,15.73,15.73,374100,15.98,15.926000199999999,-0.015644555694618312
2021-08-12,15.77,15.89,14.96,15.18,15.18,348200,15.73,15.8160002,-0.034965034965035
2021-08-13,15.25,15.55,14.99,15.34,15.34,209500,15.18,15.6520002,0.010540184453228019
2021-08-16,15.13,15.28,14.91,15.0,15.0,262100,15.34,15.446000000000002,-0.022164276401564487
2021-08-17,14.87,14.99,14.315,14.58,14.58,433100,15.0,15.166,-0.028000000000000025
2021-08-18,14.41,14.875,14.4,14.51,14.51,518200,14.58,14.922,-0.004801097393690057
2021-08-19,14.25,14.444,13.88,14.25,14.25,442900,14.51,14.736,-0.01791867677463821
2021-08-20,14.19,14.57,14.01,14.41,14.41,233400,14.25,14.55,0.011228070175438587
2021-08-23,14.66,14.86,14.37,14.78,14.78,214300,14.41,14.506,0.025676613462872977
2021-08-24,14.99,15.36,14.851,15.22,15.22,211500,14.78,14.634,0.02976995940460081
2021-08-25,15.45,15.88,15.29,15.6,15.6,301100,15.22,14.851999999999999,0.024967148488830526
2021-08-26,15.51,15.84,15.23,15.27,15.27,217000,15.6,15.056000000000001,-0.02115384615384619
2021-08-27,15.24,16.07,15.24,15.8,15.8,254000,15.27,15.334,0.034708578912901134
2021-08-30,16.02,16.059999,15.32,15.5,15.5,190700,15.8,15.478,-0.01898734177215189
2021-08-31,15.42,16.24,15.4,16.17,16.17,468500,15.5,15.668000000000001,0.043225806451613114
2021-09-01,16.08,16.33,15.87,15.91,15.91,214500,16.17,15.73,-0.01607915893630185
2021-09-02,16.0,16.01,15.625,15.81,15.81,168500,15.91,15.838000000000003,-0.006285355122564451
2021-09-03,15.73,15.76,15.37,15.75,15.75,127800,15.81,15.828,-0.003795066413662229
2021-09-07,15.74,16.098,15.62,15.82,15.82,149600,15.75,15.892000000000001,0.004444444444444473
2021-09-08,15.85,15.96,15.15,15.19,15.19,194300,15.82,15.696000000000002,-0.039823008849557584
2021-09-09,15.12,15.31,15.0,15.07,15.07,235700,15.19,15.528,-0.007899934167215239
2021-09-10,15.21,15.21,14.68,14.71,14.71,247600,15.07,15.308000000000002,-0.023888520238885214
2021-09-13,14.86,15.43,14.72,15.29,15.29,170200,14.71,15.216,0.0394289598912303
2021-09-14,15.46,15.46,14.81,15.01,15.01,199600,15.29,15.053999999999998,-0.01831262262916933
2021-09-15,15.03,15.25,14.92,15.18,15.18,174400,15.01,15.052000000000001,0.011325782811459018
2021-09-16,15.2,15.38,15.16,15.28,15.28,159100,15.18,15.094,0.006587615283267345
2021-09-17,15.38,15.57,15.11,15.56,15.56,615300,15.28,15.264000000000001,0.01832460732984309
2021-09-20,15.22,15.42,14.9,15.31,15.31,299500,15.56,15.268,-0.016066838046272514
2021-09-21,15.53,15.72,15.24,15.54,15.54,185800,15.31,15.374,0.015022860875244959
2021-09-22,15.57,16.059999,15.57,15.76,15.76,154500,15.54,15.49,0.014157014157014203
2021-09-23,15.85,16.209999,15.85,16.110001,16.110001,168800,15.76,15.6560002,0.022208185279187775
2021-09-24,15.91,16.16,15.81,15.85,15.85,107300,16.110001,15.714000200000001,-0.016139105143444743
2021-09-27,15.93,16.299999,15.54,15.54,15.54,301100,15.85,15.760000199999999,-0.019558359621451138
2021-09-28,15.63,15.63,14.86,15.02,15.02,327400,15.54,15.6560002,-0.03346203346203347
2021-09-29,15.22,15.22,14.94,15.02,15.02,192700,15.02,15.508000200000001,0.0
2021-09-30,15.2,15.2,14.78,14.83,14.83,208600,15.02,15.251999999999999,-0.012649800266311573
2021-10-01,15.0,15.75,14.98,15.54,15.54,237200,14.83,15.189999999999998,0.04787592717464584
2021-10-04,15.13,15.5,14.84,14.99,14.99,412800,15.54,15.079999999999998,-0.035392535392535285
2021-10-05,14.88,15.102,14.6,14.96,14.96,229100,14.99,15.068000000000001,-0.002001334222815121
2021-10-06,14.63,15.16,14.49,14.92,14.92,341500,14.96,15.047999999999998,-0.002673796791443861
2021-10-07,15.04,15.32,14.9,14.94,14.94,247600,14.92,15.069999999999999,0.0013404825737264314
2021-10-08,14.89,15.13,14.74,14.84,14.84,249100,14.94,14.930000000000001,-0.00669344042838016
2021-10-11,14.86,15.015,14.55,14.59,14.59,304200,14.84,14.85,-0.016846361185983816
2021-10-12,14.56,14.735,14.37,14.5,14.5,289800,14.59,14.758,-0.006168608636052064
2021-10-13,14.46,14.87,14.29,14.86,14.86,357900,14.5,14.745999999999999,0.024827586206896513
2021-10-14,15.0,15.25,14.85,14.93,14.93,193200,14.86,14.744,0.004710632570659401
2021-10-15,15.25,15.29,14.83,14.88,14.88,211300,14.93,14.752,-0.0033489618218351946
2021-10-18,14.74,14.91,14.51,14.68,14.68,157700,14.88,14.77,-0.013440860215053863
2021-10-19,14.54,14.56,14.21,14.38,14.38,323100,14.68,14.746,-0.02043596730245223
2021-10-20,14.4,15.16,14.4,15.14,15.14,222100,14.38,14.802000000000001,0.052851182197496405
2021-10-21,15.14,15.764,15.13,15.43,15.43,305600,15.14,14.902000000000001,0.019154557463672228
2021-10-22,15.39,15.48,15.0,15.2,15.2,173200,15.43,14.966,-0.014906027219701912
2021-10-25,15.08,15.3,14.975,15.22,15.22,146700,15.2,15.074000000000002,0.0013157894736843812
2021-10-26,15.2,15.7,15.2,15.38,15.38,282900,15.22,15.274000000000001,0.010512483574244502
2021-10-27,16.0,16.25,15.45,15.46,15.46,578600,15.38,15.338,0.005201560468140354
2021-10-28,15.47,15.68,15.01,15.67,15.67,180200,15.46,15.386000000000001,0.013583441138421692
2021-10-29,15.5,15.78,15.32,15.4,15.4,284900,15.67,15.425999999999998,-0.01723037651563497
2021-11-01,15.41,16.15,15.41,16.1,16.1,244900,15.4,15.602,0.045454545454545414
2021-11-02,16.15,17.120001,16.049999,17.0,17.0,708000,16.1,15.925999999999998,0.05590062111801242
2021-11-03,15.53,16.700001,15.48,16.35,16.35,345200,17.0,16.104000000000003,-0.03823529411764692
2021-11-04,16.290001,16.99,16.16,16.299999,16.299999,269100,16.35,16.2299998,-0.00305816513761481
2021-11-05,16.67,17.040001,16.200001,16.700001,16.700001,351200,16.299999,16.490000000000002,0.024540001505521714
2021-11-08,16.700001,16.73,15.847,16.129999,16.129999,252000,16.700001,16.4959998,-0.034131854243601434
2021-11-09,16.1,16.120001,15.64,15.69,15.69,173800,16.129999,16.2339998,-0.02727830299307532
2021-11-10,15.5,15.9,15.5,15.58,15.58,204000,15.69,16.079999800000003,-0.007010834926704845
2021-11-11,15.6,15.79,15.4,15.65,15.65,133600,15.58,15.95,0.00449293966623876
2021-11-12,15.6,15.62,15.11,15.15,15.15,270100,15.65,15.639999800000002,-0.03194888178913735
2021-11-15,15.13,15.57,15.07,15.46,15.46,162200,15.15,15.506,0.020462046204620554
2021-11-16,15.44,15.58,15.13,15.45,15.45,182200,15.46,15.457999999999998,-0.0006468305304011546
2021-11-17,15.32,15.46,14.95,15.08,15.08,249700,15.45,15.358,-0.023948220064724857
2021-11-18,15.16,15.21,14.73,14.94,14.94,224900,15.08,15.216,-0.009283819628647216
2021-11-19,14.75,15.13,14.61,15.01,15.01,330000,14.94,15.187999999999999,0.0046854082998661895
2021-11-22,15.18,15.73,15.02,15.17,15.17,265300,15.01,15.13,0.01065956029313786
2021-11-23,15.17,15.9,15.159,15.55,15.55,294400,15.17,15.15,0.025049439683586083
2021-11-24,15.47,15.51,15.05,15.35,15.35,239400,15.55,15.203999999999999,-0.012861736334405238
2021-11-26,14.75,15.14,14.03,14.89,14.89,586400,15.35,15.193999999999999,-0.029967426710097667
2021-11-29,15.18,15.2,14.33,14.68,14.68,333400,14.89,15.128,-0.0141034251175286
2021-11-30,14.41,14.59,14.12,14.39,14.39,478900,14.68,14.972,-0.01975476839237056
2021-12-01,14.64,14.88,13.03,13.27,13.27,862300,14.39,14.516,-0.07783182765809593
2021-12-02,13.44,14.15,13.3,14.0,14.0,486900,13.27,14.246,0.055011303692539704
2021-12-03,13.98,14.15,13.24,13.58,13.58,344200,14.0,13.984,-0.030000000000000027
2021-12-06,13.81,14.7,13.76,14.35,14.35,230800,13.58,13.918000000000001,0.05670103092783507
2021-12-07,14.7,14.785,14.35,14.42,14.42,257800,14.35,13.924000000000001,0.004878048780487809
2021-12-08,14.44,14.68,14.281,14.45,14.45,159600,14.42,14.16,0.0020804438280166426
2021-12-09,14.19,14.24,13.72,13.8,13.8,245400,14.45,14.12,-0.04498269896193763
2021-12-10,13.99,13.99,13.315,13.63,13.63,358600,13.8,14.13,-0.01231884057971011
2021-12-13,13.5,13.615,12.98,13.37,13.37,470900,13.63,13.934000000000001,-0.019075568598679538
2021-12-14,13.25,13.53,13.2,13.34,13.34,276200,13.37,13.718,-0.00224382946896029
2021-12-15,13.38,13.47,12.85,13.38,13.38,472500,13.34,13.504,0.0029985007496251548
2021-12-16,13.49,13.7,12.88,12.99,12.99,464200,13.38,13.342000000000002,-0.029147982062780353
2021-12-17,12.75,13.225,12.52,12.7,12.7,512100,12.99,13.156,-0.02232486528098543
2021-12-20,12.45,12.59,11.95,12.45,12.45,547900,12.7,12.972,-0.019685039370078705
2021-12-21,12.51,13.32,12.51,12.9,12.9,333400,12.45,12.884,0.03614457831325302
2021-12-22,12.92,13.11,12.75,13.07,13.07,390300,12.9,12.822,0.01317829457364339
2021-12-23,13.09,13.4,13.03,13.33,13.33,344700,13.07,12.89,0.019892884468247773
2021-12-27,13.33,13.41,13.06,13.22,13.22,286200,13.33,12.994,-0.008252063015753874
2021-12-28,13.1,13.41,13.09,13.15,13.15,315400,13.22,13.134,-0.005295007564296572
2021-12-29,13.13,13.32,13.0,13.09,13.09,386400,13.15,13.172,-0.004562737642585635
2021-12-30,12.99,13.421,12.98,13.23,13.23,387800,13.09,13.204000000000002,0.010695187165775444
2021-12-31,13.2,13.515,13.09,13.27,13.27,450800,13.23,13.192000000000002,0.003023431594860071
2022-01-03,13.43,13.91,13.07,13.33,13.33,414000,13.27,13.213999999999999,0.0045214770158252815
2022-01-04,13.37,14.45,13.35,14.45,14.45,632900,13.33,13.474,0.08402100525131284
2022-01-05,14.45,14.62,13.58,13.59,13.59,375300,14.45,13.573999999999998,-0.05951557093425597
2022-01-06,13.58,13.77,13.32,13.53,13.53,345100,13.59,13.634,-0.004415011037527616
2022-01-07,13.39,13.39,12.86,13.0,13.0,668400,13.53,13.580000000000002,-0.03917220990391712
2022-01-10,12.91,12.95,12.54,12.72,12.72,465000,13.0,13.457999999999998,-0.021538461538461506
2022-01-11,12.64,13.02,12.06,12.86,12.86,1228200,12.72,13.14,0.011006289308175932
2022-01-12,12.86,13.02,12.53,12.56,12.56,516900,12.86,12.934000000000001,-0.023328149300155476
2022-01-13,12.62,12.71,12.01,12.06,12.06,398000,12.56,12.639999999999999,-0.039808917197452276
2022-01-14,12.0,12.03,11.52,11.97,11.97,712800,12.06,12.434000000000001,-0.007462686567164201
2022-01-18,11.68,11.8,11.36,11.52,11.52,756100,11.97,12.193999999999999,-0.03759398496240607
2022-01-19,11.59,11.625,11.05,11.06,11.06,655600,11.52,11.834,-0.03993055555555547
2022-01-20,11.21,11.28,10.61,10.66,10.66,771600,11.06,11.453999999999999,-0.03616636528028938
2022-01-21,10.57,10.76,10.19,10.2,10.2,709900,10.66,11.082,-0.04315196998123838
2022-01-24,9.9,10.54,9.56,10.47,10.47,780100,10.2,10.782,0.026470588235294246
2022-01-25,10.2,10.44,9.99,10.3,10.3,408900,10.47,10.538,-0.01623686723973261
2022-01-26,10.46,10.81,9.98,10.14,10.14,530100,10.3,10.354,-0.01553398058252431
2022-01-27,10.27,10.42,9.5,9.58,9.58,727500,10.14,10.138000000000002,-0.05522682445759375
2022-01-28,9.6,9.72,9.3,9.71,9.71,571700,9.58,10.040000000000001,0.013569937369519947
2022-01-31,9.75,10.38,9.57,10.36,10.36,785900,9.71,10.018,0.06694129763130774
2022-02-01,10.3,10.48,10.07,10.36,10.36,462300,10.36,10.030000000000001,0.0
2022-02-02,10.4,10.52,9.75,9.87,9.87,414800,10.36,9.976,-0.04729729729729737
2022-02-03,9.75,9.88,9.41,9.43,9.43,464000,9.87,9.946,-0.04457953394123604
2022-02-04,9.35,9.47,9.05,9.42,9.42,543400,9.43,9.888,-0.0010604453870625141
2022-02-07,9.47,9.78,9.37,9.45,9.45,567800,9.42,9.706,0.0031847133757960666
2022-02-08,9.5,9.57,9.26,9.44,9.44,519300,9.45,9.522,-0.0010582010582009804
2022-02-09,9.56,9.86,9.47,9.7,9.7,462700,9.44,9.488,0.02754237288135597
2022-02-10,9.5,9.82,9.22,9.29,9.29,643000,9.7,9.459999999999999,-0.042268041237113474
2022-02-11,9.31,9.48,8.94,9.06,9.06,570000,9.29,9.388,-0.02475780409041961
2022-02-14,9.06,9.21,8.89,9.0,9.0,547500,9.06,9.298,-0.0066225165562914245
2022-02-15,9.14,9.48,9.04,9.29,9.29,954100,9.0,9.267999999999999,0.03222222222222215
2022-02-16,9.25,9.58,9.25,9.58,9.58,566100,9.29,9.244,0.031216361679225146
2022-02-17,9.48,9.62,9.24,9.32,9.32,477300,9.58,9.25,-0.02713987473903967
2022-02-18,9.25,9.46,9.055,9.11,9.11,562700,9.32,9.26,-0.022532188841201783
2022-02-22,9.0,9.09,8.26,8.53,8.53,1731900,9.11,9.166,-0.06366630076838642
2022-02-23,8.69,8.92,8.45,8.49,8.49,789600,8.53,9.006,-0.004689331770222682
2022-02-24,8.17,8.89,8.12,8.86,8.86,595700,8.49,8.862,0.043580683156654754
2022-02-25,9.0,9.275,8.83,9.22,9.22,556400,8.86,8.842,0.040632054176072296
2022-02-28,10.4,10.56,10.08,10.19,10.19,1456700,9.22,9.058,0.1052060737527114
2022-03-01,10.33,11.442,10.27,10.98,10.98,1540900,10.19,9.547999999999998,0.07752698724239471
2022-03-02,11.0,11.67,11.0,11.6,11.6,1045900,10.98,10.17,0.0564663023679417
2022-03-03,11.6,11.81,11.17,11.38,11.38,585500,11.6,10.674,-0.01896551724137918
2022-03-04,11.27,11.38,10.94,11.15,11.15,634300,11.38,11.059999999999999,-0.020210896309314608
2022-03-07,11.14,11.31,10.75,10.76,10.76,670700,11.15,11.174000000000001,-0.034977578475336335
2022-03-08,10.76,11.79,10.66,11.45,11.45,648300,10.76,11.267999999999999,0.06412639405204446
2022-03-09,11.67,12.69,11.6,12.23,12.23,786900,11.45,11.394,0.0681222707423581
2022-03-10,11.9,12.112,11.38,11.98,11.98,645300,12.23,11.514,-0.02044153720359776
2022-03-11,12.13,12.45,11.43,11.47,11.47,503500,11.98,11.578,-0.04257095158597657
2022-03-14,11.57,11.57,10.84,10.94,10.94,599800,11.47,11.613999999999999,-0.04620749782040112
2022-03-15,10.93,11.35,10.84,11.31,11.31,484900,10.94,11.586,0.033820840950639974
2022-03-16,11.67,11.8,10.73,11.09,11.09,675300,11.31,11.358,-0.01945181255526085
2022-03-17,11.04,11.9,10.91,11.9,11.9,649200,11.09,11.342,0.07303877366997291
2022-03-18,11.83,11.97,11.57,11.85,11.85,787500,11.9,11.418000000000001,-0.004201680672269004
2022-03-21,11.79,11.855,11.5,11.65,11.65,484400,11.85,11.56,-0.016877637130801593
2022-03-22,11.7,12.29,11.7,12.16,12.16,512600,11.65,11.73,0.043776824034334805
2022-03-23,12.13,12.34,12.0,12.1,12.1,305700,12.16,11.931999999999999,-0.004934210526315819
2022-03-24,12.08,12.6,12.01,12.57,12.57,354300,12.1,12.065999999999999,0.03884297520661173
2022-03-25,12.57,12.79,12.472,12.76,12.76,367500,12.57,12.248,0.01511535401750197
2022-03-28,12.78,12.79,12.44,12.76,12.76,335300,12.76,12.47,0.0
2022-03-29,12.84,13.05,12.57,12.7,12.7,510200,12.76,12.578,-0.004702194357366851
2022-03-30,12.58,12.69,12.4,12.53,12.53,383300,12.7,12.664,-0.013385826771653564
2022-03-31,12.66,12.88,12.6,12.66,12.66,393300,12.53,12.681999999999999,0.010375099760574713
2022-04-01,12.75,13.01,12.64,12.99,12.99,348300,12.66,12.727999999999998,0.026066350710900466
2022-04-04,13.0,13.366,12.77,13.2,13.2,340200,12.99,12.815999999999999,0.016166281755196188
2022-04-05,13.18,13.3,12.58,12.6,12.6,282800,13.2,12.796000000000001,-0.045454545454545414
2022-04-06,12.5,12.5,12.1,12.3,12.3,436800,12.6,12.75,-0.023809523809523725
2022-04-07,12.25,12.25,11.86,12.09,12.09,358300,12.3,12.636000000000001,-0.017073170731707332
2022-04-08,12.07,12.26,11.95,12.03,12.03,443300,12.09,12.443999999999999,-0.00496277915632759
2022-04-11,11.98,12.29,11.9,11.92,11.92,383300,12.03,12.187999999999999,-0.009143807148794592
2022-04-12,12.06,12.26,11.92,12.12,12.12,275800,11.92,12.092,0.016778523489932917
2022-04-13,12.15,12.42,12.06,12.12,12.12,326900,12.12,12.056000000000001,0.0
2022-04-14,12.21,12.37,11.929,11.94,11.94,158900,12.12,12.026,-0.014851485148514865
2022-04-18,11.88,12.03,11.64,11.72,11.72,333800,11.94,11.964,-0.018425460636515845
2022-04-19,11.75,12.17,11.75,11.84,11.84,310400,11.72,11.947999999999999,0.010238907849829282
2022-04-20,11.93,12.04,11.55,11.73,11.73,378500,11.84,11.870000000000001,-0.00929054054054046
2022-04-21,11.89,11.95,11.38,11.6,11.6,372500,11.73,11.766000000000002,-0.011082693947144118
2022-04-22,11.41,11.64,11.345,11.59,11.59,418700,11.6,11.696,-0.0008620689655172153
2022-04-25,11.42,11.61,11.16,11.36,11.36,621500,11.59,11.623999999999999,-0.019844693701466798
2022-04-26,11.2,11.36,11.0,11.04,11.04,331100,11.36,11.464,-0.028169014084507116
2022-04-27,10.97,11.09,10.58,10.58,10.58,483400,11.04,11.234,-0.04166666666666663
2022-04-28,10.65,10.77,10.36,10.63,10.63,410700,10.58,11.04,0.004725897920605071
2022-04-29,10.3,10.625,9.88,9.9,9.9,665000,10.63,10.702000000000002,-0.06867356538099723
2022-05-02,10.09,10.09,9.53,9.8,9.8,583700,9.9,10.39,-0.010101010101010055
2022-05-03,9.8,10.13,9.697,9.97,9.97,452000,9.8,10.176,0.0173469387755103
2022-05-04,10.07,10.3,9.79,10.27,10.27,320100,9.97,10.114,0.030090270812437092
2022-05-05,10.13,10.13,9.74,10.03,10.03,418500,10.27,9.994,-0.023369036027263923
2022-05-06,9.83,9.94,9.62,9.77,9.77,410300,10.03,9.968,-0.025922233300099684
2022-05-09,9.6,9.77,9.45,9.58,9.58,677400,9.77,9.924,-0.019447287615148356
2022-05-10,9.72,9.9,9.33,9.46,9.46,414200,9.58,9.822,-0.012526096033402823
2022-05-11,9.31,9.392,8.62,8.67,8.67,944600,9.46,9.501999999999999,-0.08350951374207194
2022-05-12,8.65,8.7,7.98,8.16,8.16,1072800,8.67,9.128,-0.05882352941176472
2022-05-13,8.33,8.44,8.03,8.32,8.32,747900,8.16,8.838,0.019607843137254832
2022-05-16,8.25,8.35,8.04,8.11,8.11,542900,8.32,8.544,-0.025240384615384692
2022-05-17,8.28,8.48,8.22,8.34,8.34,519300,8.11,8.32,0.02836004932182501
2022-05-18,8.2,8.3,7.875,8.0,8.0,618600,8.34,8.186,-0.04076738609112707
2022-05-19,7.87,8.04,7.66,7.75,7.75,764100,8.0,8.104,-0.03125
2022-05-20,7.91,7.95,7.47,7.64,7.64,706200,7.75,7.968000000000001,-0.014193548387096855
2022-05-23,7.74,7.928,7.58,7.91,7.91,596100,7.64,7.928,0.035340314136125706
2022-05-24,7.83,7.83,7.47,7.75,7.75,551600,7.91,7.81,-0.020227560050568916
2022-05-25,7.65,7.92,7.62,7.83,7.83,457400,7.75,7.776000000000001,0.010322580645161228
2022-05-26,7.95,8.3,7.94,8.17,8.17,444000,7.83,7.859999999999999,0.04342273307790556
2022-05-27,8.24,8.515,8.21,8.36,8.36,688600,8.17,8.004,0.023255813953488413
2022-05-31,8.28,8.34,7.96,8.03,8.03,1184900,8.36,8.028,-0.03947368421052633
2022-06-01,8.18,8.31,7.91,8.11,8.11,550700,8.03,8.1,0.00996264009962644
2022-06-02,8.07,8.28,8.015,8.23,8.23,537400,8.11,8.18,0.014796547472256671
2022-06-03,8.22,8.3,7.78,7.82,7.82,450700,8.23,8.110000000000001,-0.049817739975698716
2022-06-06,7.87,7.95,7.5,7.63,7.63,823900,7.82,7.963999999999999,-0.024296675191815886
2022-06-07,7.5,8.09,7.45,8.08,8.08,505300,7.63,7.974000000000001,0.05897771952817821
2022-06-08,8.09,8.24,7.92,7.94,7.94,475500,8.08,7.94,-0.017326732673267342
2022-06-09,7.91,8.12,7.58,7.63,7.63,528200,7.94,7.8199999999999985,-0.03904282115869029
2022-06-10,7.47,7.47,6.94,6.94,6.94,878000,7.63,7.644,-0.09043250327653996
2022-06-13,6.66,6.95,6.335,6.4,6.4,1249100,6.94,7.398000000000001,-0.0778097982708934
2022-06-14,6.46,6.465,6.005,6.04,6.04,973100,6.4,6.99,-0.05625000000000002
2022-06-15,6.09,6.18,5.85,6.05,6.05,1390600,6.04,6.612,0.0016556291390728006
2022-06-16,5.87,5.88,5.21,5.31,5.31,1455900,6.05,6.148000000000001,-0.12231404958677694
2022-06-17,5.51,5.56,5.15,5.24,5.24,2172100,5.31,5.808,-0.013182674199623268
2022-06-21,5.47,5.715,5.18,5.57,5.57,1679000,5.24,5.642,0.06297709923664119
2022-06-22,5.42,5.64,5.42,5.48,5.48,1098300,5.57,5.53,-0.016157989228007152
2022-06-23,5.54,5.65,5.5,5.64,5.64,969100,5.48,5.448,0.029197080291970767
2022-06-24,5.68,6.055,5.675,5.88,5.88,1495800,5.64,5.561999999999999,0.042553191489361764
2022-06-27,5.89,5.92,5.63,5.76,5.76,659100,5.88,5.6659999999999995,-0.020408163265306145
2022-06-28,5.86,5.99,5.46,5.47,5.47,550200,5.76,5.646,-0.05034722222222221
2022-06-29,5.46,5.49,5.095,5.25,5.25,1045500,5.47,5.6,-0.04021937842778789
2022-06-30,5.15,5.235,4.9,5.21,5.21,1023900,5.25,5.514,-0.007619047619047636
2022-07-01,5.24,5.41,5.075,5.4,5.4,626300,5.21,5.418,0.03646833013435713
2022-07-05,5.25,5.57,5.03,5.56,5.56,746500,5.4,5.377999999999999,0.02962962962962945
2022-07-06,5.53,5.72,5.515,5.55,5.55,662500,5.56,5.394,-0.0017985611510791255
2022-07-07,5.63,6.11,5.63,6.08,6.08,1162300,5.55,5.56,0.09549549549549563
2022-07-08,9.11,11.3,9.0,10.96,10.96,82766500,6.08,6.709999999999999,0.8026315789473686
2022-07-11,10.86,11.0,9.8,10.48,10.48,5742300,10.96,7.726000000000001,-0.04379562043795626
2022-07-12,10.38,11.16,10.33,10.49,10.49,2848300,10.48,8.712,0.000954198473282375
2022-07-13,10.38,10.88,10.13,10.64,10.64,1107200,10.49,9.73,0.014299332697807365
2022-07-14,10.32,10.51,10.15,10.41,10.41,1048900,10.64,10.596,-0.021616541353383534
2022-07-15,10.63,11.16,10.36,10.89,10.89,1178900,10.41,10.582,0.046109510086455474
2022-07-18,10.95,12.32,10.84,12.0,12.0,1659400,10.89,10.886,0.10192837465564741
2022-07-19,12.16,12.63,11.98,12.49,12.49,894900,12.0,11.286,0.04083333333333328
2022-07-20,12.46,12.87,12.27,12.65,12.65,861200,12.49,11.688,0.012810248198558805
2022-07-21,12.44,12.6,12.14,12.48,12.48,641600,12.65,12.102,-0.013438735177865646
2022-07-22,12.56,12.63,11.23,11.58,11.58,1041600,12.48,12.24,-0.07211538461538469
2022-07-25,11.71,11.89,11.44,11.63,11.63,471200,11.58,12.166,0.0043177892918826455
2022-07-26,11.55,11.55,11.04,11.15,11.15,774500,11.63,11.898,-0.041272570937231357
2022-07-27,11.34,11.45,11.03,11.34,11.34,674500,11.15,11.636,0.01704035874439458
2022-07-28,11.33,12.035,11.33,12.0,12.0,685400,11.34,11.540000000000001,0.05820105820105814
2022-07-29,11.89,12.05,11.75,12.02,12.02,316700,12.0,11.628,0.0016666666666667052
2022-08-01,11.87,12.11,11.6,11.98,11.98,403000,12.02,11.698,-0.0033277870216305017
2022-08-02,11.93,12.18,11.7,11.73,11.73,969800,11.98,11.814,-0.02086811352253759
2022-08-03,11.87,11.92,11.15,11.49,11.49,669800,11.73,11.844,-0.020460358056266004
2022-08-04,11.57,11.77,11.54,11.61,11.61,371200,11.49,11.766,0.010443864229764843
2022-08-05,11.55,11.96,11.34,11.86,11.86,391100,11.61,11.734,0.021533161068044704
2022-08-08,12.0,12.56,11.96,12.16,12.16,678400,11.86,11.77,0.025295109612141653
2022-08-09,12.16,12.18,11.63,11.82,11.82,385800,12.16,11.788,-0.02796052631578949
2022-08-10,12.5,13.42,12.4,12.95,12.95,1005500,11.82,12.080000000000002,0.09560067681895079
2022-08-11,13.1,14.52,13.1,14.06,14.06,1317300,12.95,12.57,0.08571428571428585
2022-08-12,14.14,14.14,13.755,14.0,14.0,689100,14.06,12.998,-0.004267425320056972
2022-08-15,13.69,13.9,13.61,13.83,13.83,900500,14.0,13.331999999999999,-0.012142857142857122
2022-08-16,13.72,13.98,13.5,13.68,13.68,913600,13.83,13.703999999999999,-0.010845986984815648
2022-08-17,13.29,13.62,13.19,13.43,13.43,693500,13.68,13.8,-0.018274853801169555
2022-08-18,13.26,13.7,13.25,13.6,13.6,662100,13.43,13.708000000000002,0.012658227848101333
2022-08-19,13.27,13.455,13.15,13.33,13.33,407700,13.6,13.574000000000002,-0.019852941176470518
2022-08-22,12.91,13.18,12.68,12.71,12.71,712000,13.33,13.35,-0.046511627906976716
2022-08-23,12.86,13.12,12.71,12.97,12.97,646700,12.71,13.207999999999998,0.020456333595594067
2022-08-24,13.06,13.376,12.96,13.24,13.24,313800,12.97,13.170000000000002,0.02081727062451799
2022-08-25,13.37,13.64,13.2,13.31,13.31,393500,13.24,13.112,0.005287009063444037
2022-08-26,13.37,13.37,12.85,12.91,12.91,908000,13.31,13.028,-0.03005259203606314
2022-08-29,12.7,12.925,12.56,12.71,12.71,465500,12.91,13.028,-0.015491866769945739
2022-08-30,12.87,12.95,12.41,12.58,12.58,400600,12.71,12.95,-0.010228166797797034
2022-08-31,12.63,12.691,12.455,12.54,12.54,684200,12.58,12.810000000000002,-0.0031796502384738856
2022-09-01,12.56,12.83,12.38,12.66,12.66,623500,12.54,12.680000000000001,0.009569377990430672
2022-09-02,12.68,12.81,12.47,12.66,12.66,463500,12.66,12.629999999999999,0.0
2022-09-06,12.83,12.84,12.38,12.52,12.52,623700,12.66,12.591999999999999,-0.011058451816745696
2022-09-07,12.41,12.7,12.4,12.68,12.68,452100,12.52,12.612,0.012779552715654896
2022-09-08,12.58,12.825,12.467,12.8,12.8,509900,12.68,12.664,0.009463722397476504
2022-09-09,12.89,13.06,12.54,12.63,12.63,574600,12.8,12.658,-0.013281250000000022
2022-09-12,12.72,12.85,12.38,12.64,12.64,370200,12.63,12.654,0.0007917656373712667
2022-09-13,12.25,12.42,11.91,12.1,12.1,729000,12.64,12.569999999999999,-0.04272151898734189
2022-09-14,12.05,12.26,11.7,12.25,12.25,553500,12.1,12.484,0.012396694214876103
2022-09-15,12.21,12.53,11.87,11.99,11.99,492400,12.25,12.322,-0.0212244897959184
2022-09-16,11.83,12.0,11.48,11.8,11.8,1348700,11.99,12.156,-0.015846538782318564
2022-09-19,11.52,11.8,11.39,11.69,11.69,637400,11.8,11.966,-0.009322033898305215
2022-09-20,11.6,11.6,11.03,11.05,11.05,700900,11.69,11.756,-0.054747647562018664
2022-09-21,11.0,11.0,10.05,10.05,10.05,1611200,11.05,11.316,-0.0904977375565611
2022-09-22,10.05,10.17,9.26,9.47,9.47,1446300,10.05,10.812000000000001,-0.057711442786069655
2022-09-23,9.25,9.46,9.04,9.17,9.17,1010600,9.47,10.286,-0.03167898627243937
2022-09-26,9.02,9.17,8.7,8.73,8.73,964400,9.17,9.693999999999999,-0.04798255179934563
2022-09-27,8.86,9.04,8.45,8.54,8.54,521700,8.73,9.192000000000002,-0.02176403207331057
2022-09-28,8.54,9.07,8.42,9.02,9.02,597500,8.54,8.986,0.0562060889929743
2022-09-29,8.81,8.91,8.44,8.68,8.68,844500,9.02,8.828,-0.037694013303769425
2022-09-30,8.73,9.18,8.65,9.02,9.02,781400,8.68,8.797999999999998,0.03917050691244239
2022-10-03,9.5,9.58,8.75,8.99,8.99,840900,9.02,8.849999999999998,-0.003325942350332567
2022-10-04,9.22,9.86,9.1,9.86,9.86,640100,8.99,9.113999999999999,0.09677419354838701
2022-10-05,9.59,9.74,9.115,9.59,9.59,457800,9.86,9.228,-0.02738336713995937
2022-10-06,9.53,9.825,9.53,9.65,9.65,306900,9.59,9.422,0.006256517205422307
2022-10-07,9.53,9.615,9.33,9.5,9.5,581000,9.65,9.518,-0.015544041450777257
2022-10-10,9.54,9.59,9.39,9.44,9.44,289100,9.5,9.608,-0.006315789473684275
2022-10-11,9.39,9.61,9.2,9.47,9.47,547500,9.44,9.530000000000001,0.0031779661016950733
2022-10-12,9.33,9.402,7.92,8.53,8.53,1379000,9.47,9.318,-0.0992608236536432
2022-10-13,8.2,8.675,8.05,8.66,8.66,903000,8.53,9.120000000000001,0.015240328253224078
2022-10-14,8.76,8.87,8.28,8.31,8.31,350300,8.66,8.882,-0.04041570438799069
2022-10-17,8.83,10.2,8.82,9.91,9.91,1725800,8.31,8.976,0.19253910950661846
2022-10-18,10.19,10.398,9.8,10.07,10.07,892500,9.91,9.096,0.016145307769929396
2022-10-19,9.96,10.01,9.65,9.75,9.75,1478700,10.07,9.34,-0.03177755710029795
2022-10-20,9.67,10.15,9.67,9.94,9.94,368600,9.75,9.596,0.019487179487179374
2022-10-21,10.01,10.55,9.885,10.54,10.54,548200,9.94,10.042,0.06036217303822933
2022-10-24,10.6,10.73,10.265,10.58,10.58,649500,10.54,10.175999999999998,0.00379506641366234
2022-10-25,10.54,11.33,10.54,11.14,11.14,794400,10.58,10.39,0.05293005671077511
2022-10-26,11.21,11.3,10.64,10.72,10.72,1336500,11.14,10.584,-0.037701974865350096
2022-10-27,10.87,10.87,10.0,10.1,10.1,7871900,10.72,10.616,-0.05783582089552253
2022-10-28,10.14,10.46,10.08,10.34,10.34,976400,10.1,10.576,0.023762376237623783
2022-10-31,10.5,10.81,10.35,10.73,10.73,1677400,10.34,10.606,0.03771760154738879
2022-11-01,10.99,11.17,10.815,11.13,11.13,813000,10.73,10.604,0.03727865796831309
2022-11-02,11.17,11.625,11.0,11.12,11.12,1049900,11.13,10.684000000000001,-0.0008984725965859308
2022-11-03,10.81,11.48,10.81,11.3,11.3,708800,11.12,10.924000000000001,0.01618705035971235
2022-11-04,11.43,11.57,11.18,11.37,11.37,590400,11.3,11.129999999999999,0.00619469026548658
2022-11-07,11.25,11.48,11.23,11.38,11.38,603300,11.37,11.260000000000002,0.0008795074758136678
2022-11-08,11.5,11.5,11.19,11.36,11.36,474800,11.38,11.306000000000001,-0.0017574692442883233
2022-11-09,11.29,11.29,10.835,10.93,10.93,518400,11.36,11.267999999999999,-0.03785211267605626
2022-11-10,11.32,11.68,11.14,11.53,11.53,723100,10.93,11.314,0.05489478499542533
2022-11-11,11.76,11.84,11.44,11.63,11.63,486000,11.53,11.366,0.008673026886383495
2022-11-14,11.6,11.98,11.535,11.8,11.8,480100,11.63,11.45,0.014617368873602654
2022-11-15,12.03,12.2,11.75,11.91,11.91,340300,11.8,11.559999999999999,0.009322033898305104
2022-11-16,11.57,11.86,11.465,11.54,11.54,446800,11.91,11.681999999999999,-0.031066330814441767
2022-11-17,11.29,11.56,11.22,11.56,11.56,377900,11.54,11.687999999999999,0.0017331022530331364
2022-11-18,11.74,11.74,11.42,11.55,11.55,254700,11.56,11.672,-0.0008650519031141446
2022-11-21,11.35,11.57,11.31,11.51,11.51,283700,11.55,11.614,-0.0034632034632035014
2022-11-22,11.48,11.57,11.405,11.44,11.44,614200,11.51,11.52,-0.006081668114682914
2022-11-23,11.38,11.78,11.36,11.78,11.78,235800,11.44,11.568000000000001,0.029720279720279796
2022-11-25,11.66,11.79,11.64,11.7,11.7,92500,11.78,11.596,-0.006791171477079749
2022-11-28,11.58,11.73,11.35,11.39,11.39,272800,11.7,11.563999999999998,-0.0264957264957264
2022-11-29,11.35,11.84,11.35,11.76,11.76,455200,11.39,11.614,0.032484635645302795
2022-11-30,11.81,12.03,11.69,11.97,11.97,378800,11.76,11.72,0.017857142857143016
2022-12-01,11.86,12.56,11.86,12.45,12.45,628900,11.97,11.854,0.04010025062656619
2022-12-02,12.23,12.38,12.065,12.28,12.28,331400,12.45,11.969999999999999,-0.013654618473895597
2022-12-05,12.13,12.43,12.08,12.08,12.08,320800,12.28,12.107999999999999,-0.01628664495113996
2022-12-06,12.03,12.19,11.76,11.95,11.95,343900,12.08,12.145999999999999,-0.010761589403973537
2022-12-07,11.95,12.08,11.78,11.82,11.82,556100,11.95,12.116,-0.01087866108786606
2022-12-08,11.89,11.965,11.71,11.8,11.8,377400,11.82,11.985999999999999,-0.0016920473773265332
2022-12-09,11.69,12.12,11.69,11.94,11.94,465400,11.8,11.918000000000001,0.011864406779660941
2022-12-12,11.91,12.01,11.82,11.93,11.93,202100,11.94,11.888000000000002,-0.0008375209380234727
2022-12-13,12.4,12.54,12.08,12.35,12.35,351500,11.93,11.968,0.035205364626990754
2022-12-14,12.35,12.5,12.04,12.19,12.19,290300,12.35,12.042,-0.012955465587044523
2022-12-15,11.98,12.13,11.95,12.0,12.0,267600,12.19,12.081999999999999,-0.015586546349466768
2022-12-16,11.89,12.0,11.76,11.92,11.92,497200,12.0,12.078,-0.00666666666666671
2022-12-19,11.89,11.935,11.71,11.82,11.82,260000,11.92,12.056000000000001,-0.008389261744966459
2022-12-20,11.74,11.93,11.67,11.72,11.72,286500,11.82,11.930000000000001,-0.008460236886632777
2022-12-21,11.8,12.06,11.785,11.84,11.84,223500,11.72,11.86,0.010238907849829282
2022-12-22,11.69,11.93,11.58,11.89,11.89,333700,11.84,11.838,0.004222972972973027
2022-12-23,11.93,12.02,11.81,11.95,11.95,205900,11.89,11.844,0.005046257359125228
2022-12-27,11.84,11.935,11.65,11.67,11.67,286000,11.95,11.814000000000002,-0.023430962343096162
2022-12-28,11.64,11.77,11.585,11.66,11.66,233000,11.67,11.802,-0.0008568980291344674
2022-12-29,11.74,11.935,11.66,11.78,11.78,256200,11.66,11.790000000000001,0.010291595197255532
2022-12-30,11.63,11.84,11.62,11.83,11.83,495100,11.78,11.778,0.004244482173174857
2023-01-03,11.98,12.1,11.8,11.91,11.91,293900,11.83,11.77,0.006762468300929747
2023-01-04,12.09,12.213,11.94,12.1,12.1,527700,11.91,11.855999999999998,0.015952980688497043
2023-01-05,11.91,12.02,11.76,11.95,11.95,323000,12.1,11.914,-0.012396694214876103
2023-01-06,12.05,12.14,11.905,12.11,12.11,232300,11.95,11.98,0.013389121338912124
2023-01-09,12.21,12.24,11.84,11.89,11.89,269700,12.11,11.992,-0.018166804293971883
2023-01-10,11.81,12.08,11.76,12.08,12.08,219200,11.89,12.026,0.015979814970563444
2023-01-11,12.15,12.39,12.1,12.35,12.35,387400,12.08,12.076,0.022350993377483475
2023-01-12,12.42,12.49,12.19,12.3,12.3,151000,12.35,12.145999999999999,-0.004048582995951344
2023-01-13,12.15,12.31,12.15,12.3,12.3,114800,12.3,12.184000000000001,0.0
2023-01-17,12.2,12.405,12.1,12.11,12.11,208200,12.3,12.228,-0.015447154471544766
2023-01-18,12.11,12.241,11.84,11.97,11.97,326900,12.11,12.206,-0.01156069364161838
2023-01-19,11.86,11.9,11.75,11.78,11.78,366600,11.97,12.092,-0.015873015873015928
2023-01-20,11.85,11.985,11.6,11.93,11.93,280400,11.78,12.018,0.012733446519524572
2023-01-23,11.87,11.91,11.73,11.81,11.81,332600,11.93,11.919999999999998,-0.010058675607711565
2023-01-24,11.89,11.95,11.69,11.89,11.89,211600,11.81,11.876,0.006773920406435208
2023-01-25,11.76,12.01,11.75,11.95,11.95,194200,11.89,11.872,0.005046257359125228
2023-01-26,12.03,12.17,11.83,11.97,11.97,286400,11.95,11.91,0.0016736401673640433
2023-01-27,11.88,12.13,11.88,11.98,11.98,201700,11.97,11.92,0.0008354218880535225
2023-01-30,11.9,12.12,11.79,11.84,11.84,268100,11.98,11.926,-0.0116861435726211
2023-01-31,11.85,12.16,11.85,12.15,12.15,350800,11.84,11.978,0.026182432432432456
2023-02-01,12.08,12.36,12.0,12.23,12.23,329200,12.15,12.034,0.006584362139917754
2023-02-02,12.4,12.65,12.29,12.47,12.47,816900,12.23,12.134,0.019623875715453876
2023-02-03,12.31,12.79,12.22,12.7,12.7,729100,12.47,12.278,0.01844426623897344
2023-02-06,12.56,12.765,12.48,12.57,12.57,745900,12.7,12.424000000000001,-0.010236220472440882
2023-02-07,12.47,12.69,12.14,12.56,12.56,969100,12.57,12.506,-0.0007955449482895949
2023-02-08,12.43,12.67,12.29,12.55,12.55,285600,12.56,12.57,-0.0007961783439490722
2023-02-09,12.6,12.6,12.048,12.07,12.07,1004100,12.55,12.49,-0.03824701195219127
2023-02-10,12.02,12.15,11.98,12.05,12.05,488900,12.07,12.36,-0.001657000828500399
2023-02-13,12.07,12.28,11.995,12.17,12.17,304000,12.05,12.28,0.009958506224066355
2023-02-14,12.09,12.3,12.0,12.22,12.22,240800,12.17,12.212,0.0041084634346755244
2023-02-15,12.13,12.38,12.1,12.37,12.37,342100,12.22,12.176,0.01227495908346965
2023-02-16,12.15,12.58,12.13,12.39,12.39,492800,12.37,12.24,0.0016168148746968924
2023-02-17,12.35,12.43,12.17,12.28,12.28,557700,12.39,12.286000000000001,-0.008878127522195411
2023-02-21,12.08,12.22,12.06,12.1,12.1,333500,12.28,12.272,-0.014657980456026065
2023-02-22,12.1,12.15,11.98,12.1,12.1,172800,12.1,12.248000000000001,0.0
2023-02-23,12.2,12.33,12.1,12.32,12.32,184400,12.1,12.238,0.0181818181818183
2023-02-24,12.14,12.271,12.1,12.26,12.26,153700,12.32,12.212,-0.004870129870129913
2023-02-27,12.34,12.36,12.03,12.08,12.08,351500,12.26,12.172,-0.014681892332789492
2023-02-28,12.09,12.2,12.06,12.08,12.08,259200,12.08,12.168000000000001,0.0
2023-03-01,12.05,12.11,11.95,12.04,12.04,300200,12.08,12.156,-0.0033112582781458233
2023-03-02,11.94,12.09,11.85,11.92,11.92,409800,12.04,12.075999999999999,-0.009966777408637828
2023-03-03,11.96,12.12,11.9,11.92,11.92,308000,11.92,12.008,0.0
2023-03-06,11.9,11.92,10.45,10.78,10.78,2747400,11.92,11.748,-0.09563758389261745
2023-03-07,10.77,10.94,10.575,10.94,10.94,1121300,10.78,11.52,0.014842300556586308
2023-03-08,10.89,11.11,10.81,11.11,11.11,600200,10.94,11.334,0.015539305301645268
2023-03-09,11.1,11.185,10.765,10.83,10.83,453300,11.11,11.116,-0.025202520252025185
2023-03-10,10.72,10.93,10.47,10.62,10.62,542600,10.83,10.856,-0.01939058171745156
2023-03-13,10.57,10.57,9.44,9.72,9.72,1511000,10.62,10.644,-0.08474576271186429
2023-03-14,10.05,10.26,9.95,10.11,10.11,562400,9.72,10.478,0.04012345679012341
2023-03-15,9.65,9.677,8.737,9.24,9.24,1383500,10.11,10.104000000000001,-0.08605341246290799
2023-03-16,9.25,9.75,9.121,9.14,9.14,1186300,9.24,9.766,-0.010822510822510734
2023-03-17,8.9,8.9,8.15,8.43,8.43,1761800,9.14,9.328,-0.07768052516411383
2023-03-20,8.38,8.43,7.465,7.6,7.6,2572100,8.43,8.904,-0.0984578884934757
2023-03-21,7.58,8.14,7.58,7.97,7.97,1615900,7.6,8.476,0.048684210526315885
2023-03-22,8.04,8.04,7.63,7.84,7.84,1412200,7.97,8.196,-0.016311166875784155
2023-03-23,7.9,8.26,7.73,7.78,7.78,1124200,7.84,7.9239999999999995,-0.007653061224489721
2023-03-24,7.64,7.88,7.39,7.73,7.73,1291400,7.78,7.784000000000001,-0.006426735218509005
2023-03-27,7.77,7.84,7.468,7.63,7.63,808300,7.73,7.790000000000001,-0.01293661060802076
2023-03-28,7.63,7.7,7.215,7.32,7.32,1261500,7.63,7.660000000000001,-0.0406290956749672
2023-03-29,7.39,7.62,7.34,7.62,7.62,1027600,7.32,7.616,0.040983606557376984
2023-03-30,7.69,7.815,7.52,7.57,7.57,574700,7.62,7.574000000000001,-0.006561679790026198
2023-03-31,7.62,7.87,7.51,7.87,7.87,711100,7.57,7.601999999999999,0.039630118890356725
2023-04-03,7.82,8.07,7.75,7.95,7.95,548300,7.87,7.6659999999999995,0.010165184243964509
2023-04-04,8.13,8.175,7.89,8.12,8.12,1069800,7.95,7.8260000000000005,0.02138364779874191
2023-04-05,8.04,8.15,7.81,8.04,8.04,607800,8.12,7.909999999999999,-0.009852216748768461
2023-04-06,8.09,8.18,8.03,8.18,8.18,410500,8.04,8.032,0.017412935323383172
2023-04-10,8.1,8.3,7.98,8.3,8.3,338100,8.18,8.118,0.014669926650366927
2023-04-11,8.3,8.62,8.295,8.56,8.56,527800,8.3,8.24,0.031325301204819356
2023-04-12,8.6,8.66,8.36,8.36,8.36,289500,8.56,8.288,-0.02336448598130858
2023-04-13,8.39,8.46,8.29,8.39,8.39,245500,8.36,8.358,0.0035885167464115852
2023-04-14,8.375,8.51,8.21,8.4,8.4,214700,8.39,8.402000000000001,0.0011918951132299238
2023-04-17,8.42,8.55,8.355,8.43,8.43,448800,8.4,8.428,0.0035714285714285587
2023-04-18,8.46,8.46,8.23,8.29,8.29,336100,8.43,8.373999999999999,-0.016607354685646558
2023-04-19,8.17,8.3,8.08,8.24,8.24,341400,8.29,8.35,-0.00603136308805774
2023-04-20,8.18,8.35,8.16,8.21,8.21,374200,8.24,8.314000000000002,-0.003640776699029069
2023-04-21,8.23,8.24,8.075,8.19,8.19,301200,8.21,8.272,-0.0024360535931792215
2023-04-24,8.17,8.19,7.995,8.04,8.04,338900,8.19,8.193999999999999,-0.01831501831501836
2023-04-25,7.94,7.97,7.595,7.68,7.68,570600,8.04,8.072,-0.04477611940298498
2023-04-26,7.63,7.795,7.32,7.33,7.33,672500,7.68,7.890000000000001,-0.04557291666666663
2023-04-27,7.35,7.41,7.275,7.33,7.33,536900,7.33,7.714,0.0
2023-04-28,7.32,7.67,7.31,7.49,7.49,458400,7.33,7.574000000000001,0.021828103683492417
2023-05-01,7.45,7.65,7.33,7.6,7.6,514100,7.49,7.486,0.014686248331108098
2023-05-02,7.53,7.618,7.4,7.41,7.41,568000,7.6,7.432,-0.02499999999999991
2023-05-03,7.43,7.91,7.415,7.7,7.7,673000,7.41,7.506,0.03913630229419707
2023-05-04,7.62,7.63,7.32,7.46,7.46,516500,7.7,7.532000000000001,-0.03116883116883118
2023-05-05,7.58,7.74,7.58,7.67,7.67,337300,7.46,7.5680000000000005,0.02815013404825728
2023-05-08,7.66,7.69,7.53,7.63,7.63,319900,7.67,7.574,-0.0052151238591916504
2023-05-09,7.58,7.64,7.43,7.52,7.52,304700,7.63,7.596000000000001,-0.014416775884665833
2023-05-10,7.685,7.88,7.55,7.79,7.79,523300,7.52,7.614,0.03590425531914909
2023-05-11,7.65,7.68,7.4,7.49,7.49,455100,7.79,7.619999999999999,-0.038510911424903704
2023-05-12,7.51,7.63,7.49,7.54,7.54,534100,7.49,7.593999999999999,0.006675567423231055
2023-05-15,7.56,7.71,7.5,7.6,7.6,461100,7.54,7.587999999999999,0.007957559681697646
2023-05-16,7.53,7.54,7.395,7.47,7.47,509900,7.6,7.578,-0.017105263157894735
2023-05-17,7.51,7.71,7.42,7.62,7.62,550800,7.47,7.544,0.02008032128514059
2023-05-18,7.62,7.685,7.435,7.51,7.51,278500,7.62,7.548,-0.014435695538057791
2023-05-19,7.5,7.58,7.37,7.46,7.46,372300,7.51,7.531999999999999,-0.0066577896138482195
2023-05-22,7.5,7.79,7.48,7.65,7.65,729700,7.46,7.542,0.025469168900804418
2023-05-23,7.65,7.86,7.43,7.44,7.44,585700,7.65,7.536,-0.027450980392156876
2023-05-24,7.4,7.44,7.105,7.25,7.25,1072600,7.44,7.462000000000001,-0.02553763440860224
2023-05-25,7.25,7.4,7.195,7.3,7.3,477300,7.25,7.42,0.006896551724137945
2023-05-26,7.26,7.54,7.26,7.4,7.4,340600,7.3,7.4079999999999995,0.013698630136986356
2023-05-30,7.46,7.59,7.42,7.53,7.53,369200,7.4,7.384,0.0175675675675675
2023-05-31,7.47,7.56,7.38,7.44,7.44,278800,7.53,7.384,-0.01195219123505975
2023-06-01,7.45,7.79,7.39,7.71,7.71,702100,7.44,7.476000000000001,0.03629032258064502
2023-06-02,7.75,7.939,7.71,7.84,7.84,645400,7.71,7.5840000000000005,0.016861219195849486
2023-06-05,7.85,7.97,7.78,7.83,7.83,375100,7.84,7.67,-0.0012755102040815647
2023-06-06,7.82,8.355,7.78,8.3,8.3,540500,7.83,7.824000000000001,0.06002554278416361
2023-06-07,8.4,8.625,8.4,8.58,8.58,466100,8.3,8.052,0.033734939759036076
2023-06-08,8.6,8.63,8.5,8.58,8.58,209400,8.58,8.225999999999999,0.0
2023-06-09,8.6,8.6,8.41,8.54,8.54,186300,8.58,8.366,-0.004662004662004726
2023-06-12,8.54,8.7,8.46,8.52,8.52,284600,8.54,8.504,-0.0023419203747072626
2023-06-13,8.62,8.67,8.425,8.47,8.47,278000,8.52,8.538,-0.005868544600938885
2023-06-14,8.46,8.489,8.4,8.42,8.42,563400,8.47,8.506,-0.005903187721369663
2023-06-15,8.4,8.509,8.36,8.47,8.47,416800,8.42,8.484,0.005938242280285166
2023-06-16,8.46,8.49,8.33,8.43,8.43,531200,8.47,8.462,-0.0047225501770957745
2023-06-20,8.48,8.52,8.3,8.42,8.42,414800,8.43,8.442,-0.0011862396204033177
2023-06-21,8.38,8.38,8.215,8.25,8.25,473900,8.42,8.398,-0.020190023752969077
2023-06-22,8.21,8.265,8.125,8.25,8.25,325100,8.25,8.364,0.0
2023-06-23,8.1,8.35,8.08,8.24,8.24,488400,8.25,8.318000000000001,-0.00121212121212122
2023-06-26,8.21,8.44,8.21,8.41,8.41,250400,8.24,8.314,0.020631067961164984
2023-06-27,8.42,8.78,8.41,8.75,8.75,473700,8.41,8.379999999999999,0.04042806183115344
2023-06-28,8.78,8.79,8.68,8.77,8.77,317900,8.75,8.484,0.0022857142857142243
